{"(('d_emb', 24), ('d_hid', 64), ('num_layers', 4), ('batch_size', 64), ('learning_rate', 0.005), ('epochs', 100), ('tied', False), ('inject', True), ('pretrain', True), ('test_set', 'wug'), ('stress', False), ('inv_size', 39))": {"MSELoss": 1.7981373195318568, "L1Loss": 1.0912187508182098, "naive_MSELoss": 4.400056921005249, "naive_L1Loss": 1.9532495313882827}, "(('d_emb', 24), ('d_hid', 64), ('num_layers', 4), ('batch_size', 64), ('learning_rate', 0.005), ('epochs', 100), ('tied', False), ('inject', True), ('pretrain', True), ('test_set', 'wug'), ('stress', True), ('inv_size', 40))": {"MSELoss": 2.1081102195353902, "L1Loss": 1.1911312278798132, "naive_MSELoss": 4.400056921005249, "naive_L1Loss": 1.9532495313882827}, "(('d_emb', 24), ('d_hid', 64), ('num_layers', 4), ('batch_size', 64), ('learning_rate', 0.005), ('epochs', 100), ('tied', False), ('inject', True), ('pretrain', False), ('test_set', 'wug'), ('stress', True), ('inv_size', 40))": {"MSELoss": 2.8128857956537665, "L1Loss": 1.4970389441089178, "naive_MSELoss": 4.400056921005249, "naive_L1Loss": 1.9532495313882827}, "(('d_emb', 24), ('d_hid', 64), ('num_layers', 4), ('batch_size', 64), ('learning_rate', 0.005), ('epochs', 100), ('tied', False), ('inject', True), ('pretrain', False), ('test_set', 'wug'), ('stress', False), ('inv_size', 39))": {"MSELoss": 2.835400204448088, "L1Loss": 1.5088786038991189, "naive_MSELoss": 4.400056921005249, "naive_L1Loss": 1.9532495313882827}}