{"(('d_emb', 24), ('d_hid', 64), ('num_layers', 4), ('batch_size', 64), ('learning_rate', 0.005), ('epochs', 100), ('tied', False), ('inject', True), ('pretrain', True), ('test_set', 'eng'), ('stress', True), ('inv_size', 40))": {"MSELoss": 2.8243262921098182, "L1Loss": 1.3395770281504287, "naive_MSELoss": 3.0461394662857058, "naive_L1Loss": 1.3983956369161605}, "(('d_emb', 24), ('d_hid', 64), ('num_layers', 4), ('batch_size', 64), ('learning_rate', 0.005), ('epochs', 100), ('tied', False), ('inject', True), ('pretrain', False), ('test_set', 'eng'), ('stress', True), ('inv_size', 40))": {"MSELoss": 2.840096360670374, "L1Loss": 1.3405665913346712, "naive_MSELoss": 3.0461394662857058, "naive_L1Loss": 1.3983956369161605}, "(('d_emb', 24), ('d_hid', 64), ('num_layers', 4), ('batch_size', 64), ('learning_rate', 0.005), ('epochs', 100), ('tied', False), ('inject', True), ('pretrain', False), ('test_set', 'eng'), ('stress', False), ('inv_size', 39))": {"MSELoss": 2.842466941395851, "L1Loss": 1.3416712618200748, "naive_MSELoss": 3.0461394662857058, "naive_L1Loss": 1.3983956369161605}, "(('d_emb', 24), ('d_hid', 64), ('num_layers', 4), ('batch_size', 64), ('learning_rate', 0.005), ('epochs', 100), ('tied', False), ('inject', True), ('pretrain', True), ('test_set', 'eng'), ('stress', False), ('inv_size', 39))": {"MSELoss": 2.9728218298350275, "L1Loss": 1.3791863291296236, "naive_MSELoss": 3.0461394662857058, "naive_L1Loss": 1.3983956369161605}}