{"(('d_emb', 24), ('d_hid', 64), ('num_layers', 4), ('batch_size', 64), ('learning_rate', 0.005), ('epochs', 100), ('tied', False), ('inject', False), ('pretrain', False), ('test_set', 'eng'), ('stress', True), ('inv_size', 40))": {"MSELoss": 2.553173983256026, "L1Loss": 1.276625385102771, "naive_MSELoss": 2.7059553416967392, "naive_L1Loss": 1.323139137327671}, "(('d_emb', 24), ('d_hid', 64), ('num_layers', 4), ('batch_size', 64), ('learning_rate', 0.005), ('epochs', 100), ('tied', False), ('inject', False), ('pretrain', False), ('test_set', 'eng'), ('stress', False), ('inv_size', 39))": {"MSELoss": 2.562751392455329, "L1Loss": 1.2812024491628016, "naive_MSELoss": 2.7059553416967392, "naive_L1Loss": 1.323139137327671}, "(('d_emb', 24), ('d_hid', 64), ('num_layers', 4), ('batch_size', 64), ('learning_rate', 0.005), ('epochs', 100), ('tied', False), ('inject', False), ('pretrain', True), ('test_set', 'eng'), ('stress', True), ('inv_size', 40))": {"MSELoss": 2.59442365582784, "L1Loss": 1.2996441023690362, "naive_MSELoss": 2.7059553416967392, "naive_L1Loss": 1.323139137327671}, "(('d_emb', 24), ('d_hid', 64), ('num_layers', 4), ('batch_size', 64), ('learning_rate', 0.005), ('epochs', 100), ('tied', False), ('inject', False), ('pretrain', True), ('test_set', 'eng'), ('stress', False), ('inv_size', 39))": {"MSELoss": 2.6670174962906597, "L1Loss": 1.3056812626066683, "naive_MSELoss": 2.7059553416967392, "naive_L1Loss": 1.323139137327671}}